[   
    {
        "_id": "s0001",
        "name": "Reversible Destiny Lofts/for4people",
        "type": "loft",
        "imgUrls": [
            "https://res.cloudinary.com/kitsunex3/image/upload/v1642653313/Airbnb%20clone/03047561_original_jbznlz.jpg",
            "https://res.cloudinary.com/kitsunex3/image/upload/v1642653312/Airbnb%20clone/e4ce1422_original_zuuvaw.jpg",
            "https://res.cloudinary.com/kitsunex3/image/upload/v1642653312/Airbnb%20clone/d0ba9942_original_sf6ejg.jpg",
            "https://res.cloudinary.com/kitsunex3/image/upload/v1642653440/Airbnb%20clone/fc1c2486_original_iiaxx7.jpg",
            "https://res.cloudinary.com/kitsunex3/image/upload/v1642653312/Airbnb%20clone/eabb5c24_original_mppu83.jpg"
        ],
        "price": 192,
        "summery": "The “Reversible Destiny Lofts MITAKA -In Memory of Helen Keller-“, built by architects/artists Shusaku Arakawa + Madeline Gins, are the first residential units designed “to not to die.”",
        "capacity": 4,
        "bedrooms": 2,
        "beds": 4,
        "bathrooms": 1,
        "sleep": ["https://res.cloudinary.com/kitsunex3/image/upload/v1642653312/Airbnb%20clone/e3c77364_original_ryeibc.jpg"],
        "amenities": ["Kitchen", "Parking" , "Washing machine", "Air conditioning", "Wifi", "Elevator", "Dryer", "Indoor fireplace", "Stove"],
        "host": {
            "_id": "h0001",
            "fullname": "Matsuda",
            "imgUrl": "https://source.unsplash.com/random/100x100/?face"
        },
        "location": {
            "country": "Japan",
            "countryCode": "JPN",
            "address": "Reversible Destiny Lofts",
            "lat":35.680984, 
            "lng":139.538030
        },
        "reviews": [{
            "id": "r0001",
            "created": 1616501399,
            "txt": "This place is amazing. You feel refreshed just being in your room! It's so unique and gorgeous. ",
            "rate": 5,
            "by": {
                "_id": "u0001",
                "fullname": "Kerolyne",
                "imgUrl": "https://source.unsplash.com/random/100x100/?face"
            }
        }],
        "likedByUsers" : ["mini-user"],
        "isPopular": "true"

    },
    {
        "_id": "s0002",
        "name": "Spacious! Shibuya House w/Garden",
        "type": "room",
        "imgUrls": [
            "https://res.cloudinary.com/kitsunex3/image/upload/v1642654286/Airbnb%20clone/fce859b4-e6f6-42e2-9a0b-268898c99084_oeb4xg.jpg",
            "https://res.cloudinary.com/kitsunex3/image/upload/v1642654285/Airbnb%20clone/ab56185c-8273-410a-b6d3-4f1202781b8a_ibuupc.jpg",
            "https://res.cloudinary.com/kitsunex3/image/upload/v1642654285/Airbnb%20clone/5b3cb703-c09a-4f3a-a86a-c1d93aa835a6_b6cnod.jpg",
            "https://res.cloudinary.com/kitsunex3/image/upload/v1642654286/Airbnb%20clone/29b80ca9-76c8-4859-92ae-23a1f7b68cca_lkvixc.jpg",
            "https://res.cloudinary.com/kitsunex3/image/upload/v1642654285/Airbnb%20clone/a5a8ec32-3179-410f-b9bd-609763bfa7f9_jl4s2w.jpg"
        ],
        "price": 236,
        "summery": "Our comfortable, bright, clean and warm house surrounded by green is located close to Shibuya, Harajuku, Omotesando and Shinjuku! We provide you with info on best restaurants, areas, history and entertainments that only locals know in Tokyo.",
        "capacity": 3,
        "bedrooms": 1,
        "beds": 4,
        "bathrooms": 2,
        "sleep": ["https://res.cloudinary.com/kitsunex3/image/upload/v1642654286/Airbnb%20clone/5b2e7a69_original_tywgk8.jpg"],
        "amenities": ["Kitchen", "TV" , "Dryer", "Backyard", "Wifi", "Washing machine", "Air conditioning", "Indoor fireplace"],
        "host": {
            "_id": "h0002",
            "fullname": "Kako & Keiko",
            "imgUrl": "https://source.unsplash.com/random/100x100/?face"
        },
        "location": {
            "country": "Japan",
            "countryCode": "JPN",
            "address": "Shibuya, Tokyo",
            "lat": 35.671625, 
            "lng":139.683750
        },
        "reviews": [{
            "id": "r0002",
            "txt": "Great room in a perfect location! Keiko was the perfect host giving us wonderful tips and insider info.",
            "rate": 4,
            "by": {
                "_id": "u0002",
                "fullname": "Lisa",
                "imgUrl": "https://source.unsplash.com/random/100x100/?face"
            }
        }],
        "likedByUsers" : ["mini-user"],
        "isPopular": "true"

    },
    {
        "_id": "s0003",
        "name": "[Explore hub] The only temple stay in Central TKO",
        "type": "house",
        "imgUrls": [
            "https://res.cloudinary.com/kitsunex3/image/upload/v1642655146/Airbnb%20clone/5e2c4b7e-8b35-45ac-af8d-8d7e1f62b669_v8d4f0.jpg",
            "https://res.cloudinary.com/kitsunex3/image/upload/v1642655146/Airbnb%20clone/973d0e05-0a48-44fe-96d6-b23c04f48c44_owcftk.jpg",
            "https://res.cloudinary.com/kitsunex3/image/upload/v1642655146/Airbnb%20clone/bcf8877a-dd0f-4fb1-b898-25cc8b8032ae_ballbj.jpg",
            "https://res.cloudinary.com/kitsunex3/image/upload/v1642655147/Airbnb%20clone/4a2e42f0-796d-435e-80b4-fab18744856b_ltulqd.jpg",
            "https://res.cloudinary.com/kitsunex3/image/upload/v1642655146/Airbnb%20clone/4cfd9b39-2807-4810-bfd3-2d2567ec29b1_ezqh7d.jpg"
        ],
        "price": 126,
        "summery": "Enjoy staying in the newly built residence building, which is located in the Shiba Shoden-ji Temple, a Nichiren sect temple with a history of about 400 years. Shoden-ji Temple was built in 1602 and has been replaced several times since then. The accommodation will be on the first floor of a separate building on the side of the main hall.",
        "capacity": 6,
        "bedrooms": 1,
        "beds": 2,
        "bathrooms": 1,
        "sleep": ["https://res.cloudinary.com/kitsunex3/image/upload/v1642655147/Airbnb%20clone/f4b99146-5efe-4138-b9a3-ba3895c6e949_za5tlt.jpg"],
        "amenities": ["Kitchen", "Washing machine" , "Air conditioning", "Refrigerator", "Wifi", "Dryer"],
        "host": {
            "_id": "h0003",
            "fullname": "Otera",
            "imgUrl": "https://source.unsplash.com/random/100x100/?face"
        },
        "location": {
            "country": "Japan",
            "countryCode": "JPN",
            "address": "TEMPLE HOTEL SHODENJI",
            "lat": 35.650278, 
            "lng":139.754737
        },
        "reviews": [{
            "id": "r0003",
            "txt": "I wish Airbnb had ten stars for reviews.. this place was quite special for japan. The space was larger than expected. Very clean and everything one needs for the perfect stay. The staff were quick to respond and I simply had the best stay in years in Tokyo here!",
            "rate": 5,
            "by": {
                "_id": "u0003",
                "fullname": "Osunlade",
                "imgUrl": "https://source.unsplash.com/random/100x100/?face"
            }
        }],
        "likedByUsers" : ["mini-user"],
        "isPopular": "false"

    },
    {
        "_id": "s0004",
        "name": "Montmartre 2BD/Spectacular Views",
        "type": "apartment",
        "imgUrls": [
            "https://res.cloudinary.com/kitsunex3/image/upload/v1642652059/Airbnb%20clone/104ca552-d981-4e74-b9cf-0ee2e7b37d6d_vuzbvm.jpg",
            "https://res.cloudinary.com/kitsunex3/image/upload/v1642652059/Airbnb%20clone/dfa3473b-8fa3-4cf4-99c8-5fc1a57734b3_hvgxve.jpg",
            "https://res.cloudinary.com/kitsunex3/image/upload/v1642652059/Airbnb%20clone/1287fba7-eff8-458a-8784-06e1aa9a1443_lmprfd.jpg",
            "https://res.cloudinary.com/kitsunex3/image/upload/v1642652293/Airbnb%20clone/7d57ad7b-309a-472f-88d1-15c2569cce10_pvfdj4.jpg",
            "https://res.cloudinary.com/kitsunex3/image/upload/v1642652059/Airbnb%20clone/3a5462f7-4b5f-46b6-b8a2-53f6928d4a4a_qbfyfg.jpg"
        ],
        "price": 680,
        "summery": "This spectacular, duplex loft offers Parisian grandeur, elegance and comfort for the discerning vacation traveler. The entire apartment has been superbly remodeled and luxuriously decorated to combine old-world charm (hardwood floors, exposed beams and antique furniture) with modern amenities. The home consists of 2 bedrooms and 2 full bathrooms and boasts stunning views of Montmartre and the Sacre-Coeur framed by 14-foot floor-to-ceiling windows.",
        "capacity": 4,
        "bedrooms": 2,
        "beds": 3,
        "bathrooms": 2,
        "sleep": [
            "https://res.cloudinary.com/kitsunex3/image/upload/v1642652059/Airbnb%20clone/1ff8fe45-19d2-41cc-8053-f6156a113f4c_dvxobz.jpg",
            "https://res.cloudinary.com/kitsunex3/image/upload/v1642652059/Airbnb%20clone/275411d2-2ca7-4148-8ab9-82bff0c5bc79_uu1gkz.jpg"
        ],
        "amenities": ["Wifi", "TV" , "Washing machine", "Balcony", "Kitchen", "Parking", "Elevator", "Dryer", "Indoor fireplace"],
        "host": {
            "_id": "h0004",
            "fullname": "Chris",
            "imgUrl": "https://source.unsplash.com/random/100x100/?face"
        },
        "location": {
            "country": "France",
            "countryCode": "FR",
            "address": "Paris, Île-de-France, France",
            "lat": 48.882233, 
            "lng":2.343122
        },
        "reviews": [{
            "id": "r0004",
            "txt": "This is a one of a kind rental. An experience not to be missed.",
            "rate": 5,
            "by": {
                "_id": "u0004",
                "fullname": "George",
                "imgUrl": "https://source.unsplash.com/random/100x100/?face"
            }
        }],
        "likedByUsers" : ["mini-user"],
        "isPopular": "true"

    },
    {
        "_id": "s0005",
        "name": "Magnificent view on Eiffel Tower",
        "type": "Apartment",
        "imgUrls": [
            "https://res.cloudinary.com/kitsunex3/image/upload/v1642842882/Airbnb%20clone/c949b056_original_yajdmi.jpg",
            "https://res.cloudinary.com/kitsunex3/image/upload/v1642842883/Airbnb%20clone/73f3f0a1_original_dorzfp.jpg",
            "https://res.cloudinary.com/kitsunex3/image/upload/v1642842882/Airbnb%20clone/429819be_original_nzan2y.jpg",
            "https://res.cloudinary.com/kitsunex3/image/upload/v1642842883/Airbnb%20clone/abed101f_original_v9l0my.jpg",
            "https://res.cloudinary.com/kitsunex3/image/upload/v1642842881/Airbnb%20clone/79d1e16f_original_ryzczz.jpg"
        ],
        "price": 160,
        "summery": "Outstanding two floors apartment of 120 sqm with terraces overlooking the Seine and facing south. Art déco style. Modern furnitures.",
        "capacity": 4,
        "bedrooms": 2,
        "beds": 2,
        "bathrooms": 2,
        "sleep": ["https://res.cloudinary.com/kitsunex3/image/upload/v1642842881/Airbnb%20clone/ab5a02f8_original_vr3bly.jpg"],
        "amenities": ["Kitchen", "TV" , "Washing machine", "Bath", "Wifi", "Elevator", "Dryer", "Balcony"],
        "host": {
            "_id": "h0005",
            "fullname": "Helene",
            "imgUrl": "https://source.unsplash.com/random/100x100/?woman-face"
        },
        "location": {
            "country": "France",
            "countryCode": "FR",
            "address": "Paris, Île-de-France, France",
            "lat": 48.856486, 
            "lng": 2.286383
        },
        "reviews": [{
            "id": "r0005",
            "txt": "Just brilliant. You can almost touch the Eiffel Tower! Absolutely the highest standard. Can't fault it.",
            "rate": 4,
            "by": {
                "_id": "u0005",
                "fullname": "Neil",
                "imgUrl": "https://source.unsplash.com/random/100x100/?man-face"
            }
        }],
        "likedByUsers" : ["mini-user"],
        "isPopular": "false"

    },
    {
        "_id": "s0006",
        "name": "Loft on Canal St-Martin/15' walk to Le Marais/4bdr",
        "type": "Loft",
        "imgUrls": [
            "https://res.cloudinary.com/kitsunex3/image/upload/v1642843330/Airbnb%20clone/174db9b0-52f1-4611-a49e-50c160b80534_ptqzh7.jpg",
            "https://res.cloudinary.com/kitsunex3/image/upload/v1642843331/Airbnb%20clone/a59fa4ad-61b9-4f2c-8a25-9cb00de48ea9_g2hbwu.jpg",
            "https://res.cloudinary.com/kitsunex3/image/upload/v1642843330/Airbnb%20clone/2c51d2e6-27da-4fe2-a8a5-c1c314d35c9c_pwye4d.jpg",
            "https://res.cloudinary.com/kitsunex3/image/upload/v1642843331/Airbnb%20clone/d8a726e9-5075-42cd-929a-d73181ddbedf_gbvhr6.jpg",
            "https://res.cloudinary.com/kitsunex3/image/upload/v1642843330/Airbnb%20clone/218c324c-4d5a-4755-a875-151ce1a618e3_t6c4bb.jpg"
        ],
        "price": 708,
        "summery": "Ancient industrial building, converted into a charming loft, perfect for trips with family, friends or colleagues. Located on the Canal Saint-Martin, one of the most lively and trendy area of Paris center(design shops, bars, restaurants...), only 15min walk from Le Marais area, and with train and metro's stations offering direct access to all main sight seing of Paris. Still, the loft is extraordinarily safe and quiet as located inside a private condo's courtyard (hidden from the street).",
        "capacity": 11,
        "bedrooms": 4,
        "beds": 9,
        "bathrooms": 2.5,
        "sleep": ["https://res.cloudinary.com/kitsunex3/image/upload/v1642843330/Airbnb%20clone/0fccce7e-a98c-46b0-9eaf-fb69887f98fc_sw7mud.jpg"],
        "amenities": ["Wifi", "Washing machine" , "Kitchen", "TV", "Dryer", "Bath"],
        "host": {
            "_id": "h0006",
            "fullname": "Sagire",
            "imgUrl": "https://source.unsplash.com/random/100x100/?woman-face"
        },
        "location": {
            "country": "France",
            "countryCode": "FR",
            "address": "Paris, Île-de-France, France",
            "lat": 48.874011, 
            "lng": 2.363604
        },
        "reviews": [{
            "id": "r0006",
            "txt": "Great house for a group, really stylish. Sweet record player. Highly recommended for a group.",
            "rate": 4,
            "by": {
                "_id": "u0006",
                "fullname": "Rong",
                "imgUrl": "https://source.unsplash.com/random/100x100/?man-face"
            }
        }],
        "likedByUsers" : ["mini-user"],
        "isPopular": "false"

    },
    {
        "_id": "s0007",
        "name": "Come & Dream in Quetzalcoatl`s Nest",
        "type": "Condo",
        "imgUrls": [
            "https://res.cloudinary.com/kitsunex3/image/upload/v1642840810/Airbnb%20clone/3bd5a6f7-4dca-431f-b732-a40a3e3a9a32_kjb56q.jpg",
            "https://res.cloudinary.com/kitsunex3/image/upload/v1642840811/Airbnb%20clone/b28b6174-8d5b-4da3-8394-6b69827a1678_qiygt0.jpg",
            "https://res.cloudinary.com/kitsunex3/image/upload/v1642840810/Airbnb%20clone/389f9f94-1ab5-49b1-ba65-b43c393a3d3a_rfsj0f.jpg",
            "https://res.cloudinary.com/kitsunex3/image/upload/v1642840810/Airbnb%20clone/36c19df5-9825-470f-8b7c-2050501fa5fb_daqp73.jpg",
            "https://res.cloudinary.com/kitsunex3/image/upload/v1642840810/Airbnb%20clone/493cccd8-ebac-4f1d-af60-2043b5a8c863_soog3z.jpg"
        ],
        "price": 349,
        "summery": "InforStay in an awesome place. Famous by it´s organic architecture. Sleep inside Quetzalcoatl and enjoy it´s marvelous gardens and creative spaces. Fully equipped. 4 bedroom, plus 1 additional. 10 persons. Laundry room. Bread, fruit & coffee included.mation",
        "capacity": 6,
        "bedrooms": 4,
        "beds": 5,
        "bathrooms": 3.5,
        "sleep": ["https://res.cloudinary.com/kitsunex3/image/upload/v1642840810/Airbnb%20clone/371b3955-c358-4b49-bb9c-1fb9dd108988_rodfy4.jpg"],
        "amenities": ["Kitchen", "Parking" , "Washing machine", "Backyard", "Wifi", "TV", "Dryer"],
        "host": {
            "_id": "h0007",
            "fullname": "Patricia",
            "imgUrl": "https://source.unsplash.com/random/100x100/?woman-face"
        },
        "location": {
            "country": "Mexico",
            "countryCode": "MX",
            "address": "Naucalpan de Juárez, Estado de México, Mexico",
            "lat": 19.478524, 
            "lng": -99.279029
        },
        "reviews": [{
            "id": "r0007",
            "txt": "This home is even more beautiful in person - it was an absolute dream to stay here. Loved the guided tour and meditation. Patricia was such a lovely host. Hope to stay again in the future!",
            "rate": 5,
            "by": {
                "_id": "u0007",
                "fullname": "Alexis",
                "imgUrl": "https://source.unsplash.com/random/100x100/?woman-face"
            }
        }],
        "likedByUsers" : ["mini-user"],
        "isPopular": "true"

    },
    {
        "_id": "s0008",
        "name": "The Seashell House",
        "type": "House",
        "imgUrls": [
            "https://res.cloudinary.com/kitsunex3/image/upload/v1642841396/Airbnb%20clone/b4bc6418_original_mkxjmm.jpg",
            "https://res.cloudinary.com/kitsunex3/image/upload/v1642841540/Airbnb%20clone/64728570-5673-4d6f-9a45-a332db33069e_ahl5bc.jpg",
            "https://res.cloudinary.com/kitsunex3/image/upload/v1642841398/Airbnb%20clone/e55fbcd6-15c1-41a1-a56e-7c7c291afa63_nf0xfp.jpg",
            "https://res.cloudinary.com/kitsunex3/image/upload/v1642841396/Airbnb%20clone/85987a21-8cc6-4c96-bc66-dad2e629172f_mo7nc4.jpg",
            "https://res.cloudinary.com/kitsunex3/image/upload/v1642841396/Airbnb%20clone/7870c2ef-10ae-4fba-9e65-6c088ae2b749_ppab1c.jpg"
        ],
        "price": 299,
        "summery": "Information",
        "capacity": 4,
        "bedrooms": 2,
        "beds": 2,
        "bathrooms": 2.5,
        "sleep": ["https://res.cloudinary.com/kitsunex3/image/upload/v1642841396/Airbnb%20clone/61ebbbab-3562-4d35-b73d-1e9bd2ce3c69_u62kut.jpg"],
        "amenities": ["Wifi", "Beach access" , "Pool", "Air conditioning", "Kitchen", "Parking", "TV", "Balcony"],
        "host": {
            "_id": "h0008",
            "fullname": "Michelle",
            "imgUrl": "https://source.unsplash.com/random/100x100/?woman-face"
        },
        "location": {
            "country": "Mexico",
            "countryCode": "MX",
            "address": "Isla Mujeres, Mexico",
            "lat": 21.210964, 
            "lng": -86.718987
        },
        "reviews": [
            {
                "id": "r0008",
                "txt": "Casa Caracol is stunning inside and out and Vanessa is wonderful - quick to respond with helpful tips and suggestions. The location is nice and quiet so you can get some great rest and relaxation by the pool. The air conditioning provides a nice retreat from the gorgeous afternoon sun, and the stars are gorgeous to gaze upon at night. 10/10 definitely would book again and recommend to all travelers.",
                "rate": 5,
                "by": {
                    "_id": "u0008",
                    "fullname": "Kristen",
                    "imgUrl": "https://source.unsplash.com/random/100x100/?woman-face"
                }
            },
            {
                "id": "r00081",
                "txt": "Such a great place! Thanks so much Michelle.",
                "rate": 5,
                "by": {
                    "_id": "u00081",
                    "fullname": "Laura",
                    "imgUrl": "https://source.unsplash.com/random/100x100/?woman-face"
                }
            }
    ],
        "likedByUsers" : ["mini-user"],
        "isPopular": "false"

    },
    {
        "_id": "s0009",
        "name": "The Quarry, Beachfront sub penthouse 150m to clubs",
        "type": "Condo",
        "imgUrls": [
            "https://res.cloudinary.com/kitsunex3/image/upload/v1642842179/Airbnb%20clone/f34fd198-05d2-4f33-b716-807f9a4615b6_b2lzkr.jpg",
            "https://res.cloudinary.com/kitsunex3/image/upload/v1642842177/Airbnb%20clone/471d112d-d0e6-4220-bba6-9c40090be815_aup7sf.jpg",
            "https://res.cloudinary.com/kitsunex3/image/upload/v1642842178/Airbnb%20clone/5e829b85-6fd7-43cf-abf1-3803dcacdc0c_ausisc.jpg",
            "https://res.cloudinary.com/kitsunex3/image/upload/v1642842178/Airbnb%20clone/779622bf-6472-4e6c-9a86-0536ea525d09_kz6cs0.jpg",
            "https://res.cloudinary.com/kitsunex3/image/upload/v1642842221/Airbnb%20clone/a960c349-50ab-452b-89d8-669b021276ed_rvzq8t.jpg"
        ],
        "price": 403,
        "summery": "From the moment you enter the property you will realize why you came to Cancun; the powder soft white sand beach, and the most beautiful turquoise water. Because, that is all you can see from the 180° panoramic views the apartment offers.",
        "capacity": 2,
        "bedrooms": 1,
        "beds": 1,
        "bathrooms": 1,
        "sleep": ["https://res.cloudinary.com/kitsunex3/image/upload/v1642842177/Airbnb%20clone/a3ee018f-6db3-4bac-a75a-eaa15fa699f9_lj3u6a.jpg"],
        "amenities": ["Beach access", "Wifi" , "Pool", "TV", "Washing machine", "Kitchen", "Parking", "Elevator", "Dryer"],
        "host": {
            "_id": "h0009",
            "fullname": "Bathany",
            "imgUrl": "https://source.unsplash.com/random/100x100/?woman-face"
        },
        "location": {
            "country": "Mexico",
            "countryCode": "MX",
            "address": "Cancún, Quintana Roo, Mexico",
            "lat": 21.131314, 
            "lng": -86.748434
        },
        "reviews": [{
            "id": "r0009",
            "txt": "Wow!! Worth every penny to live like a King and Queen for a few days. Bethany, Alex and team went above and beyond to ensure we had everything we needed and asked for. Highly recommend and will definitely be back!!",
            "rate": 5,
            "by": {
                "_id": "u0009",
                "fullname": "Duke",
                "imgUrl": "https://source.unsplash.com/random/100x100/?man-face"
            }
        }],
        "likedByUsers" : ["mini-user"],
        "isPopular": "false"

    },
    {
        "_id": "s0010",
        "name": "Aura House 2bds Eco Bamboo House, Pool, River View",
        "type": "Villa",
        "imgUrls": [
            "https://res.cloudinary.com/kitsunex3/image/upload/v1642828523/Airbnb%20clone/e25a9b25-fa98-4160-bfd1-039287bf38b6_xqjgrs.jpg",
            "https://res.cloudinary.com/kitsunex3/image/upload/v1642828523/Airbnb%20clone/f4f7b242-db33-46fc-9080-c3d6a6fd55ec_wdld1s.jpg",
            "https://res.cloudinary.com/kitsunex3/image/upload/v1642828523/Airbnb%20clone/372e7d6f-7fb9-4668-92f0-25bb9a346814_pkonld.jpg",
            "https://res.cloudinary.com/kitsunex3/image/upload/v1642828522/Airbnb%20clone/4756e699-f474-4ca7-8b77-06b12715a6cb_xbr1bv.jpg",
            "https://res.cloudinary.com/kitsunex3/image/upload/v1642828523/Airbnb%20clone/97108083-280f-4e0e-9f1b-7a4b0dd34c44_koovrk.jpg"
        ],
        "price": 244,
        "summery": "Aura house is a beautiful & unique eco bamboo house built on the west bank of the River Ayung facing east to catch sunrise. Aura House is situated 25min away from Ubud, and 35min away from Canggu.",
        "capacity": 4,
        "bedrooms": 2,
        "beds": 2,
        "bathrooms": 2,
        "sleep": ["https://res.cloudinary.com/kitsunex3/image/upload/v1642828522/Airbnb%20clone/dd721325-c2b0-47f8-b669-c01631c7a4ae_g1xi5y.jpg"],
        "amenities": ["Kitchen", "Parking" , "Air conditioning", "Wifi", "Pool", "Backyard"],
        "host": {
            "_id": "h0010",
            "fullname": "Wayan",
            "imgUrl": "https://source.unsplash.com/random/100x100/?man-face"
        },
        "location": {
            "country": "Indonesia",
            "countryCode": "IDN",
            "address": "Abiansemal, Bali, Indonesia",
            "lat": -8.573603, 
            "lng": 115.214408
        },
        "reviews": [{
            "id": "r0010",
            "txt": "Absolutely amazing. Much better than the photos. I am so so glad I was able to stay here. The entire village is so beautiful and relaxing and the Aura House is simply stunning. The house is incredible, clean, and has so many beautiful touches and the staff is super helpful. My favorite stay in Bali. I highly highly recommend.",
            "rate": 5,
            "by": {
                "_id": "u0010",
                "fullname": "Jessica",
                "imgUrl": "https://source.unsplash.com/random/100x100/?woman-face"
            }
        }],
        "likedByUsers" : ["mini-user"],
        "isPopular": "true"

    },
    {
        "_id": "s0011",
        "name": "Bali Bamboo House | Rescape Ubud - Resound Villa",
        "type": "Villa",
        "imgUrls": [
            "https://res.cloudinary.com/kitsunex3/image/upload/v1642829391/Airbnb%20clone/a8277635-638c-4a8f-a472-a1ce6a6dd301_qmzvhd.jpg",
            "https://res.cloudinary.com/kitsunex3/image/upload/v1642829391/Airbnb%20clone/bd681dc6-6e25-4406-bc99-e1ed554b9cfe_rl5foi.jpg",
            "https://res.cloudinary.com/kitsunex3/image/upload/v1642829390/Airbnb%20clone/0e752aaf-b10c-4f65-a881-29481005f58a_bfk5v9.jpg",
            "https://res.cloudinary.com/kitsunex3/image/upload/v1642829390/Airbnb%20clone/8e9245ab-d219-43be-88e6-7f1f608df929_tqknrp.jpg",
            "https://res.cloudinary.com/kitsunex3/image/upload/v1642829391/Airbnb%20clone/0f92e33e-0923-473f-ba24-87c5037e4d27_tk1mvd.jpg"
        ],
        "price": 59,
        "summery": "Rescape (retreat/ escape) Ubud is an uniquely designed villa built by bamboo, allowing guests to unwind and escape from all the daily hassle. This stay is perfect for couples, young families, artists, musicians and everyone who loves to fully embrace the nature. The place feels secluded and yet only 5 minutes away by bike from central Ubud!",
        "capacity": 2,
        "bedrooms": 1,
        "beds": 1,
        "bathrooms": 1,
        "sleep": ["https://res.cloudinary.com/kitsunex3/image/upload/v1642829391/Airbnb%20clone/772ba654-23ad-494d-b736-fc14539da2bb_bfg2aw.jpg"],
        "amenities": ["Wifi", "Pool" , "Bath", "Parking", "Washing machine"],
        "host": {
            "_id": "h0011",
            "fullname": "Candra",
            "imgUrl": "https://source.unsplash.com/random/100x100/?man-face"
        },
        "location": {
            "country": "Indonesia",
            "countryCode": "IDN",
            "address": "Ubud, Bali, Indonesia",
            "lat": -8.518078, 
            "lng": 115.274158
        },
        "reviews": [{
            "id": "r0011",
            "txt": "Stunning place with magic atmosphere. Definitely a place you`d come back to!",
            "rate": 5,
            "by": {
                "_id": "u0011",
                "fullname": "Maria",
                "imgUrl": "https://source.unsplash.com/random/100x100/?woman-face"
            }
        }],
        "likedByUsers" : ["mini-user"],
        "isPopular": "true"

    },
    {
        "_id": "s0012",
        "name": "Magical Vintage Treehouse",
        "type": "Treehouse",
        "imgUrls": [
            "https://res.cloudinary.com/kitsunex3/image/upload/v1642829876/Airbnb%20clone/b678240d-5704-4ae9-9de3-16dac435f5c0_dlyooi.jpg",
            "https://res.cloudinary.com/kitsunex3/image/upload/v1642829875/Airbnb%20clone/1503df80-49ce-42d0-97a7-c19b0686f55e_ogc4xv.jpg",
            "https://res.cloudinary.com/kitsunex3/image/upload/v1642829876/Airbnb%20clone/bc0107f5-29b6-4ac8-90ac-e7f062af2e48_eonwpd.jpg",
            "https://res.cloudinary.com/kitsunex3/image/upload/v1642829875/Airbnb%20clone/a115c022-f888-4bd6-bedc-7039133d625a_xorvun.jpg",
            "https://res.cloudinary.com/kitsunex3/image/upload/v1642829875/Airbnb%20clone/b92fc6ed-6a70-4403-88a1-6d0cfa66a1b8_yrwe5g.jpg"
        ],
        "price": 52,
        "summery": "Perfect Bali holiday experience starts here. A magical mango treehouse in an eco-vintage village just a 5 minute drive to the beach. Living structures built from shipwreck timber and with jungle mango trees growing through walls. Have yourself a unique stay experience in a fairytale forest with modern comfort and amenities.",
        "capacity": 2,
        "bedrooms": 1,
        "beds": 1,
        "bathrooms": 1,
        "sleep": ["https://res.cloudinary.com/kitsunex3/image/upload/v1642829875/Airbnb%20clone/b7f614e9-77e4-412e-b37c-b741c2bb6dfb_ew6c5n.jpg"],
        "amenities": ["Wifi", "Pool" , "Balcony", "Parking", "Air conditioning", "Backyard"],
        "host": {
            "_id": "h0012",
            "fullname": "Bukit Vista",
            "imgUrl": "https://source.unsplash.com/random/100x100/?man-face"
        },
        "location": {
            "country": "Indonesia",
            "countryCode": "IDN",
            "address": "South Kuta, Bali, Indonesia",
            "lat": -8.799448, 
            "lng": 115.135857
        },
        "reviews": [
            {
                "id": "r0012",
                "txt": "Amazing Airbnb. Super charming, beautiful pool, and very kind staff.",
                "rate": 5,
                "by": {
                    "_id": "u0012",
                    "fullname": "Annelise",
                    "imgUrl": "https://source.unsplash.com/random/100x100/?woman-face"
                }
            },
            {
                "id": "r00121",
                "txt": "We stayed in the treehouse and it was amazing! So cute and unique our only regret is not being able to spend some more time there!! We had lunch at the restaurant and hung out by the trendy and cute pool. The staff served us drinks by the pool too which was awesome! They even offer a shuttle to the beach where we hung out late watching the servers and listening to live music! Would definitely come back again!",
                "rate": 4.5,
                "by": {
                    "_id": "u00121",
                    "fullname": "Nicole",
                    "imgUrl": "https://source.unsplash.com/random/100x100/?woman-face"
                }
            },
            {
                "id": "r00122",
                "txt": "The treehouse was perfect—truly felt magical to be staying in a treehouse and have such a nice pool and restaurant right downstairs. Made for a very relaxing final 2 days of our trip in Bali.",
                "rate": 4.5,
                "by": {
                    "_id": "u00122",
                    "fullname": "Matthew",
                    "imgUrl": "https://source.unsplash.com/random/100x100/?man-face"
                }
            }
        ],
        "likedByUsers" : ["mini-user"],
        "isPopular": "true"
    },
    {
        "_id": "s0013",
        "name": "New! Majestic 4 BR Pool Villa with ricefields view",
        "type": "Villa",
        "imgUrls": [
            "https://res.cloudinary.com/kitsunex3/image/upload/v1642833309/Airbnb%20clone/a4eeecf4-2f99-4c70-8fc6-1de731c5a49d_iq3e5l.jpg",
            "https://res.cloudinary.com/kitsunex3/image/upload/v1642833310/Airbnb%20clone/57b3363b-f638-45c2-b7cf-db6575ba89bc_qtoh2r.jpg",
            "https://res.cloudinary.com/kitsunex3/image/upload/v1642833310/Airbnb%20clone/dc674812-d0b4-46be-ae98-87ee7be8b00a_m9gewy.jpg",
            "https://res.cloudinary.com/kitsunex3/image/upload/v1642833310/Airbnb%20clone/847c4231-4b43-49d0-9072-fd6ab5ecce8a_fywd94.jpg",
            "https://res.cloudinary.com/kitsunex3/image/upload/v1642833310/Airbnb%20clone/4fd4722a-7622-4df1-b660-8ddb5ed66667_rhsz4i.jpg"
        ],
        "price": 146,
        "summery": "Step foot in this magical place and forget about all your worries! This amazing 4 bedroom villa is surrounded by nature, yet just a stone throw away from the famous Ubud centre.",
        "capacity": 10,
        "bedrooms": 4,
        "beds": 4,
        "bathrooms": 4,
        "sleep": ["https://res.cloudinary.com/kitsunex3/image/upload/v1642833310/Airbnb%20clone/f4a0e043-b03a-4444-8d71-2f4a66b85c82_ppa8pq.jpg"],
        "amenities": ["Kitchen", "Parking" , "TV", "Balcony", "Wifi", "Pool", "Air conditioning", "Backyard"],
        "host": {
            "_id": "h0013",
            "fullname": "Alfred",
            "imgUrl": "https://source.unsplash.com/random/100x100/?man-face"
        },
        "location": {
            "country": "Indonesia",
            "countryCode": "IDN",
            "address": "Kecamatan Ubud, Bali, Indonesia",
            "lat": -8.529778, 
            "lng": 115.268513
        },
        "reviews": [
            {
                "id": "r0013",
                "txt": "Amazing place good vibe!",
                "rate": 5,
                "by": {
                    "_id": "u0013",
                    "fullname": "Josh",
                    "imgUrl": "https://source.unsplash.com/random/100x100/?man-face"
                }
            },
            {
                "id": "r00131",
                "txt": "Fabulous place. Felt like royalty. Layout of villa is amazing",
                "rate": 4.5,
                "by": {
                    "_id": "u00131",
                    "fullname": "Sophia",
                    "imgUrl": "https://source.unsplash.com/random/100x100/?woman-face"
                }
            },
            {
                "id": "r00132",
                "txt": "Nice stay! But the access to get to the villa is hard and the road is small. But overall it’s good, nice room and pool",
                "rate": 3.5,
                "by": {
                    "_id": "u00132",
                    "fullname": "Francisco",
                    "imgUrl": "https://source.unsplash.com/random/100x100/?man-face"
                }
            }
        ],
        "likedByUsers" : ["mini-user"],
        "isPopular": "false"
    },
    {
        "_id": "s0014",
        "name": "Veluvana Bali - Owl Bamboo House",
        "type": "Treehouse",
        "imgUrls": [
            "https://res.cloudinary.com/kitsunex3/image/upload/v1642834305/Airbnb%20clone/4f70b681-a792-4530-8c52-f2a8d262942d_yv0nhz.jpg",
            "https://res.cloudinary.com/kitsunex3/image/upload/v1642834305/Airbnb%20clone/8ddb35f5-ae3b-4cf4-869b-bb484e82675a_r9ezwf.jpg",
            "https://res.cloudinary.com/kitsunex3/image/upload/v1642834305/Airbnb%20clone/24825c95-303b-47c3-9649-2fb74fc86acb_ngsdhv.jpg",
            "https://res.cloudinary.com/kitsunex3/image/upload/v1642834305/Airbnb%20clone/ec85ccc0-281c-44fc-a061-bc1e87ea0081_wvlkf3.jpg",
            "https://res.cloudinary.com/kitsunex3/image/upload/v1642834304/Airbnb%20clone/f474dfbe-557a-4d07-8d6e-76aba506b5a6_fmnuvv.jpg"
        ],
        "price": 130,
        "summery": "Veluvana is a unique bamboo house with a wonderful view of Sidemen Valley, a genuine tropical landscape with Mount Agung peak on its back. This getaway spot is a great place to bring into reality the dream adventure of the true wanderer. We invite you to feel the magnificent vibes of the entire house to escape the life that is full of drama into a journey with ultimate joy.",
        "capacity": 2,
        "bedrooms": 1,
        "beds": 1,
        "bathrooms": 1.5,
        "sleep": ["https://res.cloudinary.com/kitsunex3/image/upload/v1642834305/Airbnb%20clone/45a3aa2b-ce00-4068-9ebe-9f83ca281fe4_cwdwza.jpg"],
        "amenities": ["Kitchen", "Parking", "Balcony", "Wifi", "Pool", "Dryer"],
        "host": {
            "_id": "h0014",
            "fullname": "Veluvana",
            "imgUrl": "https://source.unsplash.com/random/100x100/?man-face"
        },
        "location": {
            "country": "Indonesia",
            "countryCode": "IDN",
            "address": "Sidemen, Bali, Indonesia",
            "lat": -8.473195, 
            "lng": 115.441776
        },
        "reviews": [
            {
                "id": "r0014",
                "txt": "Wonderful place with an amazing view. Comfortable, romantic, and beautiful. Great staff as well. Thanks for the amazing stay!",
                "rate": 5,
                "by": {
                    "_id": "u0014",
                    "fullname": "Ryan",
                    "imgUrl": "https://source.unsplash.com/random/100x100/?man-face"
                }
            },
            {
                "id": "r00141",
                "txt": "I enjoyed everything about this Bamboo House! Perfect 1-2 night stay connecting with nature.",
                "rate": 4.5,
                "by": {
                    "_id": "u00141",
                    "fullname": "Katya",
                    "imgUrl": "https://source.unsplash.com/random/100x100/?woman-face"
                }
            },
            {
                "id": "r00142",
                "txt": "Increase place to stay! Be aware of 2 dogs sleeping downstairs in both sofas and fighting with each other really bothered us during our stay",
                "rate": 3.5,
                "by": {
                    "_id": "u00142",
                    "fullname": "Galina",
                    "imgUrl": "https://source.unsplash.com/random/100x100/?woman-face"
                }
            }
        ],
        "likedByUsers" : ["mini-user"],
        "isPopular": "false"
    },
    {
        "_id": "s0015",
        "name": "Veluvana Bali - Owl Bamboo House",
        "type": "Treehouse",
        "imgUrls": [
            "https://res.cloudinary.com/kitsunex3/image/upload/v1642834305/Airbnb%20clone/4f70b681-a792-4530-8c52-f2a8d262942d_yv0nhz.jpg",
            "https://res.cloudinary.com/kitsunex3/image/upload/v1642834305/Airbnb%20clone/8ddb35f5-ae3b-4cf4-869b-bb484e82675a_r9ezwf.jpg",
            "https://res.cloudinary.com/kitsunex3/image/upload/v1642834305/Airbnb%20clone/24825c95-303b-47c3-9649-2fb74fc86acb_ngsdhv.jpg",
            "https://res.cloudinary.com/kitsunex3/image/upload/v1642834305/Airbnb%20clone/ec85ccc0-281c-44fc-a061-bc1e87ea0081_wvlkf3.jpg",
            "https://res.cloudinary.com/kitsunex3/image/upload/v1642834304/Airbnb%20clone/f474dfbe-557a-4d07-8d6e-76aba506b5a6_fmnuvv.jpg"
        ],
        "price": 130,
        "summery": "Veluvana is a unique bamboo house with a wonderful view of Sidemen Valley, a genuine tropical landscape with Mount Agung peak on its back. This getaway spot is a great place to bring into reality the dream adventure of the true wanderer. We invite you to feel the magnificent vibes of the entire house to escape the life that is full of drama into a journey with ultimate joy.",
        "capacity": 2,
        "bedrooms": 1,
        "beds": 1,
        "bathrooms": 1.5,
        "sleep": ["https://res.cloudinary.com/kitsunex3/image/upload/v1642834305/Airbnb%20clone/45a3aa2b-ce00-4068-9ebe-9f83ca281fe4_cwdwza.jpg"],
        "amenities": ["Kitchen", "Parking" , "Balcony", "Wifi", "Pool", "Dryer"],
        "host": {
            "_id": "h0014",
            "fullname": "Veluvana",
            "imgUrl": "https://source.unsplash.com/random/100x100/?man-face"
        },
        "location": {
            "country": "Indonesia",
            "countryCode": "IDN",
            "address": "Sidemen, Bali, Indonesia",
            "lat": -8.473195, 
            "lng": 115.441776
        },
        "reviews": [
            {
                "id": "r0014",
                "txt": "Wonderful place with an amazing view. Comfortable, romantic, and beautiful. Great staff as well. Thanks for the amazing stay!",
                "rate": 5,
                "by": {
                    "_id": "u0014",
                    "fullname": "Ryan",
                    "imgUrl": "https://source.unsplash.com/random/100x100/?man-face"
                }
            },
            {
                "id": "r00141",
                "txt": "I enjoyed everything about this Bamboo House! Perfect 1-2 night stay connecting with nature.",
                "rate": 4.5,
                "by": {
                    "_id": "u00141",
                    "fullname": "Katya",
                    "imgUrl": "https://source.unsplash.com/random/100x100/?woman-face"
                }
            },
            {
                "id": "r00142",
                "txt": "Increase place to stay! Be aware of 2 dogs sleeping downstairs in both sofas and fighting with each other really bothered us during our stay",
                "rate": 3.5,
                "by": {
                    "_id": "u00142",
                    "fullname": "Galina",
                    "imgUrl": "https://source.unsplash.com/random/100x100/?woman-face"
                }
            }
        ],
        "likedByUsers" : ["mini-user"],
        "isPopular": "false"
    },
    {
        "_id": "s0015",
        "name": "Veluvana Bali - Owl Bamboo House",
        "type": "Treehouse",
        "imgUrls": [
            "https://res.cloudinary.com/kitsunex3/image/upload/v1642834305/Airbnb%20clone/4f70b681-a792-4530-8c52-f2a8d262942d_yv0nhz.jpg",
            "https://res.cloudinary.com/kitsunex3/image/upload/v1642834305/Airbnb%20clone/8ddb35f5-ae3b-4cf4-869b-bb484e82675a_r9ezwf.jpg",
            "https://res.cloudinary.com/kitsunex3/image/upload/v1642834305/Airbnb%20clone/24825c95-303b-47c3-9649-2fb74fc86acb_ngsdhv.jpg",
            "https://res.cloudinary.com/kitsunex3/image/upload/v1642834305/Airbnb%20clone/ec85ccc0-281c-44fc-a061-bc1e87ea0081_wvlkf3.jpg",
            "https://res.cloudinary.com/kitsunex3/image/upload/v1642834304/Airbnb%20clone/f474dfbe-557a-4d07-8d6e-76aba506b5a6_fmnuvv.jpg"
        ],
        "price": 130,
        "summery": "Veluvana is a unique bamboo house with a wonderful view of Sidemen Valley, a genuine tropical landscape with Mount Agung peak on its back. This getaway spot is a great place to bring into reality the dream adventure of the true wanderer. We invite you to feel the magnificent vibes of the entire house to escape the life that is full of drama into a journey with ultimate joy.",
        "capacity": 2,
        "bedrooms": 1,
        "beds": 1,
        "bathrooms": 1.5,
        "sleep": ["https://res.cloudinary.com/kitsunex3/image/upload/v1642834305/Airbnb%20clone/45a3aa2b-ce00-4068-9ebe-9f83ca281fe4_cwdwza.jpg"],
        "amenities": ["Kitchen", "Parking" , "Balcony", "Wifi", "Pool", "Dryer"],
        "host": {
            "_id": "h0014",
            "fullname": "Veluvana",
            "imgUrl": "https://source.unsplash.com/random/100x100/?man-face"
        },
        "location": {
            "country": "Indonesia",
            "countryCode": "IDN",
            "address": "Sidemen, Bali, Indonesia",
            "lat": -8.473195, 
            "lng": 115.441776
        },
        "reviews": [
            {
                "id": "r0014",
                "txt": "Wonderful place with an amazing view. Comfortable, romantic, and beautiful. Great staff as well. Thanks for the amazing stay!",
                "rate": 5,
                "by": {
                    "_id": "u0014",
                    "fullname": "Ryan",
                    "imgUrl": "https://source.unsplash.com/random/100x100/?man-face"
                }
            },
            {
                "id": "r00141",
                "txt": "I enjoyed everything about this Bamboo House! Perfect 1-2 night stay connecting with nature.",
                "rate": 4.5,
                "by": {
                    "_id": "u00141",
                    "fullname": "Katya",
                    "imgUrl": "https://source.unsplash.com/random/100x100/?woman-face"
                }
            },
            {
                "id": "r00142",
                "txt": "Increase place to stay! Be aware of 2 dogs sleeping downstairs in both sofas and fighting with each other really bothered us during our stay",
                "rate": 3.5,
                "by": {
                    "_id": "u00142",
                    "fullname": "Galina",
                    "imgUrl": "https://source.unsplash.com/random/100x100/?woman-face"
                }
            }
        ],
        "likedByUsers" : ["mini-user"],
        "isPopular": "false"
    }
]