[
  {
    "_id": "u101",
    "fullname": "Puki",
    "imgUrl": ["https://res.cloudinary.com/kitsunex3/image/upload/v1643195687/Airbnb%20clone/Avatars/avatar1_nogjgo.png"],
    "isAdmin": false,
    "username": "user1",
    "password": "muki"
  },
  {
    "_id": "u102",
    "fullname": "Angel",
    "imgUrl": ["https://res.cloudinary.com/kitsunex3/image/upload/v1643195687/Airbnb%20clone/Avatars/avatar2_noeug0.png"],
    "isAdmin": false,
    "username": "user2",
    "password": "1234"
  },
  {
    "_id": "u103",
    "fullname": "Momo",
    "imgUrl": ["https://res.cloudinary.com/kitsunex3/image/upload/v1643195687/Airbnb%20clone/Avatars/avatar3_lshkyk.png"],
    "isAdmin": false,
    "username": "user3",
    "password": "1212"
  },
  {
    "_id": "u104",
    "fullname": "Mr. bit",
    "imgUrl": ["https://res.cloudinary.com/kitsunex3/image/upload/v1643195687/Airbnb%20clone/Avatars/avatar4_sjrc01.png"],
    "isAdmin": false,
    "username": "user2",
    "password": "555"
  }
]